month,market_regime,volatility_regime,flow_sentiment,mstar_category,category_name,asset_class,style,region,risk_level,return
2024-01-01,choppy_sideways,medium,neutral,us_large_blend,US Large Blend,equity,core,us,4,0.00915
2024-01-01,choppy_sideways,medium,neutral,us_large_growth,US Large Growth,equity,growth,us,5,-0.008075
2024-01-01,choppy_sideways,medium,neutral,us_large_value,US Large Value,equity,value,us,4,0.00685
2024-01-01,choppy_sideways,medium,neutral,us_mid_cap,US Mid-Cap Blend,equity,core,us,5,0.003073
2024-01-01,choppy_sideways,medium,neutral,us_small_cap,US Small Cap,equity,core,us,6,0.005303
2024-01-01,choppy_sideways,medium,neutral,foreign_large_blend,Foreign Large Blend,equity,core,developed_ex_us,5,0.014777
2024-01-01,choppy_sideways,medium,neutral,diversified_emerging_markets,Diversified Emerging Markets,equity,core,emerging_markets,6,0.005886
2024-01-01,choppy_sideways,medium,neutral,global_real_estate,Global Real Estate,real_assets,income,global,5,-0.001326
2024-01-01,choppy_sideways,medium,neutral,natural_resources,Natural Resources,real_assets,inflation_sensitive,global,6,-0.006805
2024-01-01,choppy_sideways,medium,neutral,us_intermediate_core_bond,US Intermediate Core Bond,fixed_income,core,us,2,-0.003431
2024-01-01,choppy_sideways,medium,neutral,us_short_term_bond,US Short-Term Bond,fixed_income,defensive,us,1,-0.001707
2024-01-01,choppy_sideways,medium,neutral,us_long_government_bond,US Long Government Bond,fixed_income,duration,us,3,-0.010709
2024-01-01,choppy_sideways,medium,neutral,high_yield_bond,High Yield Bond,fixed_income,spread,us,4,-0.005009
2024-01-01,choppy_sideways,medium,neutral,bank_loan,Bank Loan,fixed_income,floating_rate,us,3,-0.005183
2024-01-01,choppy_sideways,medium,neutral,emerging_markets_bond,Emerging Markets Bond,fixed_income,spread,emerging_markets,4,-0.006386
2024-01-01,choppy_sideways,medium,neutral,multisector_bond,Multisector Bond,fixed_income,flexible,global,3,-0.00609
2024-01-01,choppy_sideways,medium,neutral,allocation_30_50,Moderate Allocation,allocation,balanced,global,3,0.019227
2024-01-01,choppy_sideways,medium,neutral,allocation_50_70,Aggressive Allocation,allocation,growth,global,4,0.002348
2024-01-01,choppy_sideways,medium,neutral,target_date,Target-Date Blend,allocation,outcome_oriented,global,3,0.015172
2024-01-01,choppy_sideways,medium,neutral,tactical_allocation,Tactical Allocation,allocation,flexible,global,4,-0.003408
2024-01-01,choppy_sideways,medium,neutral,options_trading,Options Trading,alternatives,opportunistic,us,6,0.006887
2024-01-01,choppy_sideways,medium,neutral,market_neutral,Market Neutral,alternatives,absolute_return,global,2,0.012038
2024-02-01,rate_shock,medium,defensive_rotation,us_large_blend,US Large Blend,equity,core,us,4,0.02685
2024-02-01,rate_shock,medium,defensive_rotation,us_large_growth,US Large Growth,equity,growth,us,5,0.007933
2024-02-01,rate_shock,medium,defensive_rotation,us_large_value,US Large Value,equity,value,us,4,-0.002084
2024-02-01,rate_shock,medium,defensive_rotation,us_mid_cap,US Mid-Cap Blend,equity,core,us,5,-0.004299
2024-02-01,rate_shock,medium,defensive_rotation,us_small_cap,US Small Cap,equity,core,us,6,-0.001097
2024-02-01,rate_shock,medium,defensive_rotation,foreign_large_blend,Foreign Large Blend,equity,core,developed_ex_us,5,0.021566
2024-02-01,rate_shock,medium,defensive_rotation,diversified_emerging_markets,Diversified Emerging Markets,equity,core,emerging_markets,6,0.017354
2024-02-01,rate_shock,medium,defensive_rotation,global_real_estate,Global Real Estate,real_assets,income,global,5,0.028115
2024-02-01,rate_shock,medium,defensive_rotation,natural_resources,Natural Resources,real_assets,inflation_sensitive,global,6,0.026398
2024-02-01,rate_shock,medium,defensive_rotation,us_intermediate_core_bond,US Intermediate Core Bond,fixed_income,core,us,2,-0.002349
2024-02-01,rate_shock,medium,defensive_rotation,us_short_term_bond,US Short-Term Bond,fixed_income,defensive,us,1,0.001041
2024-02-01,rate_shock,medium,defensive_rotation,us_long_government_bond,US Long Government Bond,fixed_income,duration,us,3,-0.017504
2024-02-01,rate_shock,medium,defensive_rotation,high_yield_bond,High Yield Bond,fixed_income,spread,us,4,0.001334
2024-02-01,rate_shock,medium,defensive_rotation,bank_loan,Bank Loan,fixed_income,floating_rate,us,3,0.003021
2024-02-01,rate_shock,medium,defensive_rotation,emerging_markets_bond,Emerging Markets Bond,fixed_income,spread,emerging_markets,4,-0.002987
2024-02-01,rate_shock,medium,defensive_rotation,multisector_bond,Multisector Bond,fixed_income,flexible,global,3,-0.00491
2024-02-01,rate_shock,medium,defensive_rotation,allocation_30_50,Moderate Allocation,allocation,balanced,global,3,-0.013844
2024-02-01,rate_shock,medium,defensive_rotation,allocation_50_70,Aggressive Allocation,allocation,growth,global,4,-0.002892
2024-02-01,rate_shock,medium,defensive_rotation,target_date,Target-Date Blend,allocation,outcome_oriented,global,3,-0.008676
2024-02-01,rate_shock,medium,defensive_rotation,tactical_allocation,Tactical Allocation,allocation,flexible,global,4,-0.003753
2024-02-01,rate_shock,medium,defensive_rotation,options_trading,Options Trading,alternatives,opportunistic,us,6,0.002147
2024-02-01,rate_shock,medium,defensive_rotation,market_neutral,Market Neutral,alternatives,absolute_return,global,2,-0.001784
2024-03-01,choppy_sideways,medium,neutral,us_large_blend,US Large Blend,equity,core,us,4,-0.00573
2024-03-01,choppy_sideways,medium,neutral,us_large_growth,US Large Growth,equity,growth,us,5,-0.002862
2024-03-01,choppy_sideways,medium,neutral,us_large_value,US Large Value,equity,value,us,4,0.003714
2024-03-01,choppy_sideways,medium,neutral,us_mid_cap,US Mid-Cap Blend,equity,core,us,5,0.02349
2024-03-01,choppy_sideways,medium,neutral,us_small_cap,US Small Cap,equity,core,us,6,0.002139
2024-03-01,choppy_sideways,medium,neutral,foreign_large_blend,Foreign Large Blend,equity,core,developed_ex_us,5,0.010411
2024-03-01,choppy_sideways,medium,neutral,diversified_emerging_markets,Diversified Emerging Markets,equity,core,emerging_markets,6,0.039909
2024-03-01,choppy_sideways,medium,neutral,global_real_estate,Global Real Estate,real_assets,income,global,5,-0.0085
2024-03-01,choppy_sideways,medium,neutral,natural_resources,Natural Resources,real_assets,inflation_sensitive,global,6,0.011412
2024-03-01,choppy_sideways,medium,neutral,us_intermediate_core_bond,US Intermediate Core Bond,fixed_income,core,us,2,-0.003486
2024-03-01,choppy_sideways,medium,neutral,us_short_term_bond,US Short-Term Bond,fixed_income,defensive,us,1,0.000526
2024-03-01,choppy_sideways,medium,neutral,us_long_government_bond,US Long Government Bond,fixed_income,duration,us,3,-0.001419
2024-03-01,choppy_sideways,medium,neutral,high_yield_bond,High Yield Bond,fixed_income,spread,us,4,0.001328
2024-03-01,choppy_sideways,medium,neutral,bank_loan,Bank Loan,fixed_income,floating_rate,us,3,0.008607
2024-03-01,choppy_sideways,medium,neutral,emerging_markets_bond,Emerging Markets Bond,fixed_income,spread,emerging_markets,4,-0.006335
2024-03-01,choppy_sideways,medium,neutral,multisector_bond,Multisector Bond,fixed_income,flexible,global,3,0.004334
2024-03-01,choppy_sideways,medium,neutral,allocation_30_50,Moderate Allocation,allocation,balanced,global,3,0.00326
2024-03-01,choppy_sideways,medium,neutral,allocation_50_70,Aggressive Allocation,allocation,growth,global,4,-0.001742
2024-03-01,choppy_sideways,medium,neutral,target_date,Target-Date Blend,allocation,outcome_oriented,global,3,-0.009705
2024-03-01,choppy_sideways,medium,neutral,tactical_allocation,Tactical Allocation,allocation,flexible,global,4,0.004495
2024-03-01,choppy_sideways,medium,neutral,options_trading,Options Trading,alternatives,opportunistic,us,6,-0.022755
2024-03-01,choppy_sideways,medium,neutral,market_neutral,Market Neutral,alternatives,absolute_return,global,2,-0.014963
2024-04-01,choppy_sideways,medium,neutral,us_large_blend,US Large Blend,equity,core,us,4,0.008152
2024-04-01,choppy_sideways,medium,neutral,us_large_growth,US Large Growth,equity,growth,us,5,0.028655
2024-04-01,choppy_sideways,medium,neutral,us_large_value,US Large Value,equity,value,us,4,0.020146
2024-04-01,choppy_sideways,medium,neutral,us_mid_cap,US Mid-Cap Blend,equity,core,us,5,0.010947
2024-04-01,choppy_sideways,medium,neutral,us_small_cap,US Small Cap,equity,core,us,6,0.030334
2024-04-01,choppy_sideways,medium,neutral,foreign_large_blend,Foreign Large Blend,equity,core,developed_ex_us,5,-0.014546
2024-04-01,choppy_sideways,medium,neutral,diversified_emerging_markets,Diversified Emerging Markets,equity,core,emerging_markets,6,-0.004719
2024-04-01,choppy_sideways,medium,neutral,global_real_estate,Global Real Estate,real_assets,income,global,5,-0.013385
2024-04-01,choppy_sideways,medium,neutral,natural_resources,Natural Resources,real_assets,inflation_sensitive,global,6,-0.002372
2024-04-01,choppy_sideways,medium,neutral,us_intermediate_core_bond,US Intermediate Core Bond,fixed_income,core,us,2,0.006712
2024-04-01,choppy_sideways,medium,neutral,us_short_term_bond,US Short-Term Bond,fixed_income,defensive,us,1,0.017317
2024-04-01,choppy_sideways,medium,neutral,us_long_government_bond,US Long Government Bond,fixed_income,duration,us,3,0.015212
2024-04-01,choppy_sideways,medium,neutral,high_yield_bond,High Yield Bond,fixed_income,spread,us,4,0.007228
2024-04-01,choppy_sideways,medium,neutral,bank_loan,Bank Loan,fixed_income,floating_rate,us,3,0.010769
2024-04-01,choppy_sideways,medium,neutral,emerging_markets_bond,Emerging Markets Bond,fixed_income,spread,emerging_markets,4,0.01822
2024-04-01,choppy_sideways,medium,neutral,multisector_bond,Multisector Bond,fixed_income,flexible,global,3,0.01915
2024-04-01,choppy_sideways,medium,neutral,allocation_30_50,Moderate Allocation,allocation,balanced,global,3,0.007727
2024-04-01,choppy_sideways,medium,neutral,allocation_50_70,Aggressive Allocation,allocation,growth,global,4,0.017543
2024-04-01,choppy_sideways,medium,neutral,target_date,Target-Date Blend,allocation,outcome_oriented,global,3,-0.004457
2024-04-01,choppy_sideways,medium,neutral,tactical_allocation,Tactical Allocation,allocation,flexible,global,4,-0.013166
2024-04-01,choppy_sideways,medium,neutral,options_trading,Options Trading,alternatives,opportunistic,us,6,-0.017452
2024-04-01,choppy_sideways,medium,neutral,market_neutral,Market Neutral,alternatives,absolute_return,global,2,0.007414
2024-05-01,risk_on,low,pro_risk,us_large_blend,US Large Blend,equity,core,us,4,0.009708
2024-05-01,risk_on,low,pro_risk,us_large_growth,US Large Growth,equity,growth,us,5,0.013386
2024-05-01,risk_on,low,pro_risk,us_large_value,US Large Value,equity,value,us,4,-0.001099
2024-05-01,risk_on,low,pro_risk,us_mid_cap,US Mid-Cap Blend,equity,core,us,5,-0.012
2024-05-01,risk_on,low,pro_risk,us_small_cap,US Small Cap,equity,core,us,6,0.008064
2024-05-01,risk_on,low,pro_risk,foreign_large_blend,Foreign Large Blend,equity,core,developed_ex_us,5,0.007157
2024-05-01,risk_on,low,pro_risk,diversified_emerging_markets,Diversified Emerging Markets,equity,core,emerging_markets,6,0.036145
2024-05-01,risk_on,low,pro_risk,global_real_estate,Global Real Estate,real_assets,income,global,5,0.008912
2024-05-01,risk_on,low,pro_risk,natural_resources,Natural Resources,real_assets,inflation_sensitive,global,6,0.024176
2024-05-01,risk_on,low,pro_risk,us_intermediate_core_bond,US Intermediate Core Bond,fixed_income,core,us,2,0.003338
2024-05-01,risk_on,low,pro_risk,us_short_term_bond,US Short-Term Bond,fixed_income,defensive,us,1,-0.002069
2024-05-01,risk_on,low,pro_risk,us_long_government_bond,US Long Government Bond,fixed_income,duration,us,3,0.002197
2024-05-01,risk_on,low,pro_risk,high_yield_bond,High Yield Bond,fixed_income,spread,us,4,0.006472
2024-05-01,risk_on,low,pro_risk,bank_loan,Bank Loan,fixed_income,floating_rate,us,3,0.01719
2024-05-01,risk_on,low,pro_risk,emerging_markets_bond,Emerging Markets Bond,fixed_income,spread,emerging_markets,4,0.004048
2024-05-01,risk_on,low,pro_risk,multisector_bond,Multisector Bond,fixed_income,flexible,global,3,0.009272
2024-05-01,risk_on,low,pro_risk,allocation_30_50,Moderate Allocation,allocation,balanced,global,3,0.004584
2024-05-01,risk_on,low,pro_risk,allocation_50_70,Aggressive Allocation,allocation,growth,global,4,0.021755
2024-05-01,risk_on,low,pro_risk,target_date,Target-Date Blend,allocation,outcome_oriented,global,3,0.011597
2024-05-01,risk_on,low,pro_risk,tactical_allocation,Tactical Allocation,allocation,flexible,global,4,0.009631
2024-05-01,risk_on,low,pro_risk,options_trading,Options Trading,alternatives,opportunistic,us,6,0.023099
2024-05-01,risk_on,low,pro_risk,market_neutral,Market Neutral,alternatives,absolute_return,global,2,0.011163
2024-06-01,choppy_sideways,medium,neutral,us_large_blend,US Large Blend,equity,core,us,4,0.037031
2024-06-01,choppy_sideways,medium,neutral,us_large_growth,US Large Growth,equity,growth,us,5,0.017165
2024-06-01,choppy_sideways,medium,neutral,us_large_value,US Large Value,equity,value,us,4,0.013327
2024-06-01,choppy_sideways,medium,neutral,us_mid_cap,US Mid-Cap Blend,equity,core,us,5,0.0177
2024-06-01,choppy_sideways,medium,neutral,us_small_cap,US Small Cap,equity,core,us,6,0.035576
2024-06-01,choppy_sideways,medium,neutral,foreign_large_blend,Foreign Large Blend,equity,core,developed_ex_us,5,0.016125
2024-06-01,choppy_sideways,medium,neutral,diversified_emerging_markets,Diversified Emerging Markets,equity,core,emerging_markets,6,0.007051
2024-06-01,choppy_sideways,medium,neutral,global_real_estate,Global Real Estate,real_assets,income,global,5,-0.000626
2024-06-01,choppy_sideways,medium,neutral,natural_resources,Natural Resources,real_assets,inflation_sensitive,global,6,-0.006833
2024-06-01,choppy_sideways,medium,neutral,us_intermediate_core_bond,US Intermediate Core Bond,fixed_income,core,us,2,0.007282
2024-06-01,choppy_sideways,medium,neutral,us_short_term_bond,US Short-Term Bond,fixed_income,defensive,us,1,0.000115
2024-06-01,choppy_sideways,medium,neutral,us_long_government_bond,US Long Government Bond,fixed_income,duration,us,3,-0.005326
2024-06-01,choppy_sideways,medium,neutral,high_yield_bond,High Yield Bond,fixed_income,spread,us,4,-0.007093
2024-06-01,choppy_sideways,medium,neutral,bank_loan,Bank Loan,fixed_income,floating_rate,us,3,0.010777
2024-06-01,choppy_sideways,medium,neutral,emerging_markets_bond,Emerging Markets Bond,fixed_income,spread,emerging_markets,4,0.011587
2024-06-01,choppy_sideways,medium,neutral,multisector_bond,Multisector Bond,fixed_income,flexible,global,3,-0.001474
2024-06-01,choppy_sideways,medium,neutral,allocation_30_50,Moderate Allocation,allocation,balanced,global,3,-0.013216
2024-06-01,choppy_sideways,medium,neutral,allocation_50_70,Aggressive Allocation,allocation,growth,global,4,0.003182
2024-06-01,choppy_sideways,medium,neutral,target_date,Target-Date Blend,allocation,outcome_oriented,global,3,-0.01879
2024-06-01,choppy_sideways,medium,neutral,tactical_allocation,Tactical Allocation,allocation,flexible,global,4,-0.015017
2024-06-01,choppy_sideways,medium,neutral,options_trading,Options Trading,alternatives,opportunistic,us,6,0.011427
2024-06-01,choppy_sideways,medium,neutral,market_neutral,Market Neutral,alternatives,absolute_return,global,2,0.001523
2024-07-01,choppy_sideways,medium,neutral,us_large_blend,US Large Blend,equity,core,us,4,0.01366
2024-07-01,choppy_sideways,medium,neutral,us_large_growth,US Large Growth,equity,growth,us,5,-0.02751
2024-07-01,choppy_sideways,medium,neutral,us_large_value,US Large Value,equity,value,us,4,0.005469
2024-07-01,choppy_sideways,medium,neutral,us_mid_cap,US Mid-Cap Blend,equity,core,us,5,-0.009494
2024-07-01,choppy_sideways,medium,neutral,us_small_cap,US Small Cap,equity,core,us,6,-0.016043
2024-07-01,choppy_sideways,medium,neutral,foreign_large_blend,Foreign Large Blend,equity,core,developed_ex_us,5,-0.010559
2024-07-01,choppy_sideways,medium,neutral,diversified_emerging_markets,Diversified Emerging Markets,equity,core,emerging_markets,6,-0.000587
2024-07-01,choppy_sideways,medium,neutral,global_real_estate,Global Real Estate,real_assets,income,global,5,0.02291
2024-07-01,choppy_sideways,medium,neutral,natural_resources,Natural Resources,real_assets,inflation_sensitive,global,6,-0.007357
2024-07-01,choppy_sideways,medium,neutral,us_intermediate_core_bond,US Intermediate Core Bond,fixed_income,core,us,2,0.000964
2024-07-01,choppy_sideways,medium,neutral,us_short_term_bond,US Short-Term Bond,fixed_income,defensive,us,1,-0.001559
2024-07-01,choppy_sideways,medium,neutral,us_long_government_bond,US Long Government Bond,fixed_income,duration,us,3,0.001386
2024-07-01,choppy_sideways,medium,neutral,high_yield_bond,High Yield Bond,fixed_income,spread,us,4,0.008537
2024-07-01,choppy_sideways,medium,neutral,bank_loan,Bank Loan,fixed_income,floating_rate,us,3,0.006234
2024-07-01,choppy_sideways,medium,neutral,emerging_markets_bond,Emerging Markets Bond,fixed_income,spread,emerging_markets,4,0.011005
2024-07-01,choppy_sideways,medium,neutral,multisector_bond,Multisector Bond,fixed_income,flexible,global,3,0.000356
2024-07-01,choppy_sideways,medium,neutral,allocation_30_50,Moderate Allocation,allocation,balanced,global,3,0.010613
2024-07-01,choppy_sideways,medium,neutral,allocation_50_70,Aggressive Allocation,allocation,growth,global,4,0.015794
2024-07-01,choppy_sideways,medium,neutral,target_date,Target-Date Blend,allocation,outcome_oriented,global,3,0.017839
2024-07-01,choppy_sideways,medium,neutral,tactical_allocation,Tactical Allocation,allocation,flexible,global,4,0.019882
2024-07-01,choppy_sideways,medium,neutral,options_trading,Options Trading,alternatives,opportunistic,us,6,-0.00792
2024-07-01,choppy_sideways,medium,neutral,market_neutral,Market Neutral,alternatives,absolute_return,global,2,0.00445
2024-08-01,risk_off,high,defensive,us_large_blend,US Large Blend,equity,core,us,4,-0.049916
2024-08-01,risk_off,high,defensive,us_large_growth,US Large Growth,equity,growth,us,5,-0.033397
2024-08-01,risk_off,high,defensive,us_large_value,US Large Value,equity,value,us,4,-0.013346
2024-08-01,risk_off,high,defensive,us_mid_cap,US Mid-Cap Blend,equity,core,us,5,0.007321
2024-08-01,risk_off,high,defensive,us_small_cap,US Small Cap,equity,core,us,6,-0.035221
2024-08-01,risk_off,high,defensive,foreign_large_blend,Foreign Large Blend,equity,core,developed_ex_us,5,-0.033782
2024-08-01,risk_off,high,defensive,diversified_emerging_markets,Diversified Emerging Markets,equity,core,emerging_markets,6,-0.067087
2024-08-01,risk_off,high,defensive,global_real_estate,Global Real Estate,real_assets,income,global,5,0.026789
2024-08-01,risk_off,high,defensive,natural_resources,Natural Resources,real_assets,inflation_sensitive,global,6,0.007485
2024-08-01,risk_off,high,defensive,us_intermediate_core_bond,US Intermediate Core Bond,fixed_income,core,us,2,0.028582
2024-08-01,risk_off,high,defensive,us_short_term_bond,US Short-Term Bond,fixed_income,defensive,us,1,0.026998
2024-08-01,risk_off,high,defensive,us_long_government_bond,US Long Government Bond,fixed_income,duration,us,3,0.042592
2024-08-01,risk_off,high,defensive,high_yield_bond,High Yield Bond,fixed_income,spread,us,4,0.012272
2024-08-01,risk_off,high,defensive,bank_loan,Bank Loan,fixed_income,floating_rate,us,3,0.019214
2024-08-01,risk_off,high,defensive,emerging_markets_bond,Emerging Markets Bond,fixed_income,spread,emerging_markets,4,0.048626
2024-08-01,risk_off,high,defensive,multisector_bond,Multisector Bond,fixed_income,flexible,global,3,0.020071
2024-08-01,risk_off,high,defensive,allocation_30_50,Moderate Allocation,allocation,balanced,global,3,-0.03452
2024-08-01,risk_off,high,defensive,allocation_50_70,Aggressive Allocation,allocation,growth,global,4,-0.003988
2024-08-01,risk_off,high,defensive,target_date,Target-Date Blend,allocation,outcome_oriented,global,3,0.006654
2024-08-01,risk_off,high,defensive,tactical_allocation,Tactical Allocation,allocation,flexible,global,4,-0.035125
2024-08-01,risk_off,high,defensive,options_trading,Options Trading,alternatives,opportunistic,us,6,-0.019546
2024-08-01,risk_off,high,defensive,market_neutral,Market Neutral,alternatives,absolute_return,global,2,-0.005617
2024-09-01,risk_on,low,pro_risk,us_large_blend,US Large Blend,equity,core,us,4,0.037784
2024-09-01,risk_on,low,pro_risk,us_large_growth,US Large Growth,equity,growth,us,5,0.047935
2024-09-01,risk_on,low,pro_risk,us_large_value,US Large Value,equity,value,us,4,0.029222
2024-09-01,risk_on,low,pro_risk,us_mid_cap,US Mid-Cap Blend,equity,core,us,5,0.03967
2024-09-01,risk_on,low,pro_risk,us_small_cap,US Small Cap,equity,core,us,6,0.045101
2024-09-01,risk_on,low,pro_risk,foreign_large_blend,Foreign Large Blend,equity,core,developed_ex_us,5,0.044874
2024-09-01,risk_on,low,pro_risk,diversified_emerging_markets,Diversified Emerging Markets,equity,core,emerging_markets,6,0.040938
2024-09-01,risk_on,low,pro_risk,global_real_estate,Global Real Estate,real_assets,income,global,5,0.015582
2024-09-01,risk_on,low,pro_risk,natural_resources,Natural Resources,real_assets,inflation_sensitive,global,6,0.027446
2024-09-01,risk_on,low,pro_risk,us_intermediate_core_bond,US Intermediate Core Bond,fixed_income,core,us,2,0.001085
2024-09-01,risk_on,low,pro_risk,us_short_term_bond,US Short-Term Bond,fixed_income,defensive,us,1,-0.001125
2024-09-01,risk_on,low,pro_risk,us_long_government_bond,US Long Government Bond,fixed_income,duration,us,3,0.001608
2024-09-01,risk_on,low,pro_risk,high_yield_bond,High Yield Bond,fixed_income,spread,us,4,0.004805
2024-09-01,risk_on,low,pro_risk,bank_loan,Bank Loan,fixed_income,floating_rate,us,3,0.000355
2024-09-01,risk_on,low,pro_risk,emerging_markets_bond,Emerging Markets Bond,fixed_income,spread,emerging_markets,4,0.004201
2024-09-01,risk_on,low,pro_risk,multisector_bond,Multisector Bond,fixed_income,flexible,global,3,0.000477
2024-09-01,risk_on,low,pro_risk,allocation_30_50,Moderate Allocation,allocation,balanced,global,3,0.027192
2024-09-01,risk_on,low,pro_risk,allocation_50_70,Aggressive Allocation,allocation,growth,global,4,0.030951
2024-09-01,risk_on,low,pro_risk,target_date,Target-Date Blend,allocation,outcome_oriented,global,3,0.016907
2024-09-01,risk_on,low,pro_risk,tactical_allocation,Tactical Allocation,allocation,flexible,global,4,0.011259
2024-09-01,risk_on,low,pro_risk,options_trading,Options Trading,alternatives,opportunistic,us,6,0.007815
2024-09-01,risk_on,low,pro_risk,market_neutral,Market Neutral,alternatives,absolute_return,global,2,0.016259
2024-10-01,risk_on,low,pro_risk,us_large_blend,US Large Blend,equity,core,us,4,0.007933
2024-10-01,risk_on,low,pro_risk,us_large_growth,US Large Growth,equity,growth,us,5,0.022489
2024-10-01,risk_on,low,pro_risk,us_large_value,US Large Value,equity,value,us,4,0.02684
2024-10-01,risk_on,low,pro_risk,us_mid_cap,US Mid-Cap Blend,equity,core,us,5,0.021843
2024-10-01,risk_on,low,pro_risk,us_small_cap,US Small Cap,equity,core,us,6,0.023423
2024-10-01,risk_on,low,pro_risk,foreign_large_blend,Foreign Large Blend,equity,core,developed_ex_us,5,0.019452
2024-10-01,risk_on,low,pro_risk,diversified_emerging_markets,Diversified Emerging Markets,equity,core,emerging_markets,6,0.023432
2024-10-01,risk_on,low,pro_risk,global_real_estate,Global Real Estate,real_assets,income,global,5,-0.007718
2024-10-01,risk_on,low,pro_risk,natural_resources,Natural Resources,real_assets,inflation_sensitive,global,6,0.012908
2024-10-01,risk_on,low,pro_risk,us_intermediate_core_bond,US Intermediate Core Bond,fixed_income,core,us,2,-0.002426
2024-10-01,risk_on,low,pro_risk,us_short_term_bond,US Short-Term Bond,fixed_income,defensive,us,1,0.004
2024-10-01,risk_on,low,pro_risk,us_long_government_bond,US Long Government Bond,fixed_income,duration,us,3,0.009477
2024-10-01,risk_on,low,pro_risk,high_yield_bond,High Yield Bond,fixed_income,spread,us,4,0.013461
2024-10-01,risk_on,low,pro_risk,bank_loan,Bank Loan,fixed_income,floating_rate,us,3,0.009173
2024-10-01,risk_on,low,pro_risk,emerging_markets_bond,Emerging Markets Bond,fixed_income,spread,emerging_markets,4,0.002408
2024-10-01,risk_on,low,pro_risk,multisector_bond,Multisector Bond,fixed_income,flexible,global,3,0.009613
2024-10-01,risk_on,low,pro_risk,allocation_30_50,Moderate Allocation,allocation,balanced,global,3,0.025708
2024-10-01,risk_on,low,pro_risk,allocation_50_70,Aggressive Allocation,allocation,growth,global,4,0.012739
2024-10-01,risk_on,low,pro_risk,target_date,Target-Date Blend,allocation,outcome_oriented,global,3,0.020296
2024-10-01,risk_on,low,pro_risk,tactical_allocation,Tactical Allocation,allocation,flexible,global,4,0.014522
2024-10-01,risk_on,low,pro_risk,options_trading,Options Trading,alternatives,opportunistic,us,6,0.015808
2024-10-01,risk_on,low,pro_risk,market_neutral,Market Neutral,alternatives,absolute_return,global,2,0.001453
2024-11-01,risk_on,low,pro_risk,us_large_blend,US Large Blend,equity,core,us,4,0.01698
2024-11-01,risk_on,low,pro_risk,us_large_growth,US Large Growth,equity,growth,us,5,0.040467
2024-11-01,risk_on,low,pro_risk,us_large_value,US Large Value,equity,value,us,4,0.019979
2024-11-01,risk_on,low,pro_risk,us_mid_cap,US Mid-Cap Blend,equity,core,us,5,0.022358
2024-11-01,risk_on,low,pro_risk,us_small_cap,US Small Cap,equity,core,us,6,0.014477
2024-11-01,risk_on,low,pro_risk,foreign_large_blend,Foreign Large Blend,equity,core,developed_ex_us,5,0.012624
2024-11-01,risk_on,low,pro_risk,diversified_emerging_markets,Diversified Emerging Markets,equity,core,emerging_markets,6,0.008894
2024-11-01,risk_on,low,pro_risk,global_real_estate,Global Real Estate,real_assets,income,global,5,0.030889
2024-11-01,risk_on,low,pro_risk,natural_resources,Natural Resources,real_assets,inflation_sensitive,global,6,0.011934
2024-11-01,risk_on,low,pro_risk,us_intermediate_core_bond,US Intermediate Core Bond,fixed_income,core,us,2,0.01494
2024-11-01,risk_on,low,pro_risk,us_short_term_bond,US Short-Term Bond,fixed_income,defensive,us,1,0.008177
2024-11-01,risk_on,low,pro_risk,us_long_government_bond,US Long Government Bond,fixed_income,duration,us,3,0.017657
2024-11-01,risk_on,low,pro_risk,high_yield_bond,High Yield Bond,fixed_income,spread,us,4,0.019469
2024-11-01,risk_on,low,pro_risk,bank_loan,Bank Loan,fixed_income,floating_rate,us,3,0.022385
2024-11-01,risk_on,low,pro_risk,emerging_markets_bond,Emerging Markets Bond,fixed_income,spread,emerging_markets,4,0.017381
2024-11-01,risk_on,low,pro_risk,multisector_bond,Multisector Bond,fixed_income,flexible,global,3,0.005636
2024-11-01,risk_on,low,pro_risk,allocation_30_50,Moderate Allocation,allocation,balanced,global,3,0.020961
2024-11-01,risk_on,low,pro_risk,allocation_50_70,Aggressive Allocation,allocation,growth,global,4,0.020548
2024-11-01,risk_on,low,pro_risk,target_date,Target-Date Blend,allocation,outcome_oriented,global,3,0.01793
2024-11-01,risk_on,low,pro_risk,tactical_allocation,Tactical Allocation,allocation,flexible,global,4,0.031293
2024-11-01,risk_on,low,pro_risk,options_trading,Options Trading,alternatives,opportunistic,us,6,0.027319
2024-11-01,risk_on,low,pro_risk,market_neutral,Market Neutral,alternatives,absolute_return,global,2,0.009774
2024-12-01,choppy_sideways,medium,neutral,us_large_blend,US Large Blend,equity,core,us,4,0.000105
2024-12-01,choppy_sideways,medium,neutral,us_large_growth,US Large Growth,equity,growth,us,5,-0.005963
2024-12-01,choppy_sideways,medium,neutral,us_large_value,US Large Value,equity,value,us,4,-0.050593
2024-12-01,choppy_sideways,medium,neutral,us_mid_cap,US Mid-Cap Blend,equity,core,us,5,-0.012385
2024-12-01,choppy_sideways,medium,neutral,us_small_cap,US Small Cap,equity,core,us,6,-0.015669
2024-12-01,choppy_sideways,medium,neutral,foreign_large_blend,Foreign Large Blend,equity,core,developed_ex_us,5,-0.011114
2024-12-01,choppy_sideways,medium,neutral,diversified_emerging_markets,Diversified Emerging Markets,equity,core,emerging_markets,6,0.010935
2024-12-01,choppy_sideways,medium,neutral,global_real_estate,Global Real Estate,real_assets,income,global,5,-0.049636
2024-12-01,choppy_sideways,medium,neutral,natural_resources,Natural Resources,real_assets,inflation_sensitive,global,6,-0.025072
2024-12-01,choppy_sideways,medium,neutral,us_intermediate_core_bond,US Intermediate Core Bond,fixed_income,core,us,2,0.002972
2024-12-01,choppy_sideways,medium,neutral,us_short_term_bond,US Short-Term Bond,fixed_income,defensive,us,1,-0.008063
2024-12-01,choppy_sideways,medium,neutral,us_long_government_bond,US Long Government Bond,fixed_income,duration,us,3,0.010514
2024-12-01,choppy_sideways,medium,neutral,high_yield_bond,High Yield Bond,fixed_income,spread,us,4,0.003834
2024-12-01,choppy_sideways,medium,neutral,bank_loan,Bank Loan,fixed_income,floating_rate,us,3,0.006989
2024-12-01,choppy_sideways,medium,neutral,emerging_markets_bond,Emerging Markets Bond,fixed_income,spread,emerging_markets,4,-0.001189
2024-12-01,choppy_sideways,medium,neutral,multisector_bond,Multisector Bond,fixed_income,flexible,global,3,0.004806
2024-12-01,choppy_sideways,medium,neutral,allocation_30_50,Moderate Allocation,allocation,balanced,global,3,0.001594
2024-12-01,choppy_sideways,medium,neutral,allocation_50_70,Aggressive Allocation,allocation,growth,global,4,-0.003119
2024-12-01,choppy_sideways,medium,neutral,target_date,Target-Date Blend,allocation,outcome_oriented,global,3,-0.004829
2024-12-01,choppy_sideways,medium,neutral,tactical_allocation,Tactical Allocation,allocation,flexible,global,4,-0.001966
2024-12-01,choppy_sideways,medium,neutral,options_trading,Options Trading,alternatives,opportunistic,us,6,-0.004805
2024-12-01,choppy_sideways,medium,neutral,market_neutral,Market Neutral,alternatives,absolute_return,global,2,0.003194
2025-01-01,choppy_sideways,medium,neutral,us_large_blend,US Large Blend,equity,core,us,4,0.021465
2025-01-01,choppy_sideways,medium,neutral,us_large_growth,US Large Growth,equity,growth,us,5,-0.011505
2025-01-01,choppy_sideways,medium,neutral,us_large_value,US Large Value,equity,value,us,4,-0.011592
2025-01-01,choppy_sideways,medium,neutral,us_mid_cap,US Mid-Cap Blend,equity,core,us,5,0.00229
2025-01-01,choppy_sideways,medium,neutral,us_small_cap,US Small Cap,equity,core,us,6,0.013713
2025-01-01,choppy_sideways,medium,neutral,foreign_large_blend,Foreign Large Blend,equity,core,developed_ex_us,5,-0.001296
2025-01-01,choppy_sideways,medium,neutral,diversified_emerging_markets,Diversified Emerging Markets,equity,core,emerging_markets,6,0.022405
2025-01-01,choppy_sideways,medium,neutral,global_real_estate,Global Real Estate,real_assets,income,global,5,0.031034
2025-01-01,choppy_sideways,medium,neutral,natural_resources,Natural Resources,real_assets,inflation_sensitive,global,6,0.034794
2025-01-01,choppy_sideways,medium,neutral,us_intermediate_core_bond,US Intermediate Core Bond,fixed_income,core,us,2,0.00535
2025-01-01,choppy_sideways,medium,neutral,us_short_term_bond,US Short-Term Bond,fixed_income,defensive,us,1,0.014213
2025-01-01,choppy_sideways,medium,neutral,us_long_government_bond,US Long Government Bond,fixed_income,duration,us,3,0.003673
2025-01-01,choppy_sideways,medium,neutral,high_yield_bond,High Yield Bond,fixed_income,spread,us,4,-0.007539
2025-01-01,choppy_sideways,medium,neutral,bank_loan,Bank Loan,fixed_income,floating_rate,us,3,0.013806
2025-01-01,choppy_sideways,medium,neutral,emerging_markets_bond,Emerging Markets Bond,fixed_income,spread,emerging_markets,4,0.002051
2025-01-01,choppy_sideways,medium,neutral,multisector_bond,Multisector Bond,fixed_income,flexible,global,3,0.003426
2025-01-01,choppy_sideways,medium,neutral,allocation_30_50,Moderate Allocation,allocation,balanced,global,3,-0.000344
2025-01-01,choppy_sideways,medium,neutral,allocation_50_70,Aggressive Allocation,allocation,growth,global,4,-0.021749
2025-01-01,choppy_sideways,medium,neutral,target_date,Target-Date Blend,allocation,outcome_oriented,global,3,-0.020065
2025-01-01,choppy_sideways,medium,neutral,tactical_allocation,Tactical Allocation,allocation,flexible,global,4,-0.020891
2025-01-01,choppy_sideways,medium,neutral,options_trading,Options Trading,alternatives,opportunistic,us,6,-0.009157
2025-01-01,choppy_sideways,medium,neutral,market_neutral,Market Neutral,alternatives,absolute_return,global,2,0.003194
2025-02-01,choppy_sideways,medium,neutral,us_large_blend,US Large Blend,equity,core,us,4,0.004402
2025-02-01,choppy_sideways,medium,neutral,us_large_growth,US Large Growth,equity,growth,us,5,0.021032
2025-02-01,choppy_sideways,medium,neutral,us_large_value,US Large Value,equity,value,us,4,0.025019
2025-02-01,choppy_sideways,medium,neutral,us_mid_cap,US Mid-Cap Blend,equity,core,us,5,0.014339
2025-02-01,choppy_sideways,medium,neutral,us_small_cap,US Small Cap,equity,core,us,6,0.025374
2025-02-01,choppy_sideways,medium,neutral,foreign_large_blend,Foreign Large Blend,equity,core,developed_ex_us,5,0.01531
2025-02-01,choppy_sideways,medium,neutral,diversified_emerging_markets,Diversified Emerging Markets,equity,core,emerging_markets,6,0.021985
2025-02-01,choppy_sideways,medium,neutral,global_real_estate,Global Real Estate,real_assets,income,global,5,-0.032771
2025-02-01,choppy_sideways,medium,neutral,natural_resources,Natural Resources,real_assets,inflation_sensitive,global,6,-0.021789
2025-02-01,choppy_sideways,medium,neutral,us_intermediate_core_bond,US Intermediate Core Bond,fixed_income,core,us,2,0.002973
2025-02-01,choppy_sideways,medium,neutral,us_short_term_bond,US Short-Term Bond,fixed_income,defensive,us,1,0.006142
2025-02-01,choppy_sideways,medium,neutral,us_long_government_bond,US Long Government Bond,fixed_income,duration,us,3,0.002141
2025-02-01,choppy_sideways,medium,neutral,high_yield_bond,High Yield Bond,fixed_income,spread,us,4,0.006831
2025-02-01,choppy_sideways,medium,neutral,bank_loan,Bank Loan,fixed_income,floating_rate,us,3,0.002857
2025-02-01,choppy_sideways,medium,neutral,emerging_markets_bond,Emerging Markets Bond,fixed_income,spread,emerging_markets,4,0.003575
2025-02-01,choppy_sideways,medium,neutral,multisector_bond,Multisector Bond,fixed_income,flexible,global,3,0.006991
2025-02-01,choppy_sideways,medium,neutral,allocation_30_50,Moderate Allocation,allocation,balanced,global,3,-0.037913
2025-02-01,choppy_sideways,medium,neutral,allocation_50_70,Aggressive Allocation,allocation,growth,global,4,-0.031417
2025-02-01,choppy_sideways,medium,neutral,target_date,Target-Date Blend,allocation,outcome_oriented,global,3,-0.03398
2025-02-01,choppy_sideways,medium,neutral,tactical_allocation,Tactical Allocation,allocation,flexible,global,4,-0.038952
2025-02-01,choppy_sideways,medium,neutral,options_trading,Options Trading,alternatives,opportunistic,us,6,-0.005624
2025-02-01,choppy_sideways,medium,neutral,market_neutral,Market Neutral,alternatives,absolute_return,global,2,0.008192
2025-03-01,rate_shock,medium,defensive_rotation,us_large_blend,US Large Blend,equity,core,us,4,0.016776
2025-03-01,rate_shock,medium,defensive_rotation,us_large_growth,US Large Growth,equity,growth,us,5,-0.005207
2025-03-01,rate_shock,medium,defensive_rotation,us_large_value,US Large Value,equity,value,us,4,-0.013042
2025-03-01,rate_shock,medium,defensive_rotation,us_mid_cap,US Mid-Cap Blend,equity,core,us,5,-0.013308
2025-03-01,rate_shock,medium,defensive_rotation,us_small_cap,US Small Cap,equity,core,us,6,-0.028305
2025-03-01,rate_shock,medium,defensive_rotation,foreign_large_blend,Foreign Large Blend,equity,core,developed_ex_us,5,-0.018558
2025-03-01,rate_shock,medium,defensive_rotation,diversified_emerging_markets,Diversified Emerging Markets,equity,core,emerging_markets,6,-0.008829
2025-03-01,rate_shock,medium,defensive_rotation,global_real_estate,Global Real Estate,real_assets,income,global,5,0.03357
2025-03-01,rate_shock,medium,defensive_rotation,natural_resources,Natural Resources,real_assets,inflation_sensitive,global,6,0.063053
2025-03-01,rate_shock,medium,defensive_rotation,us_intermediate_core_bond,US Intermediate Core Bond,fixed_income,core,us,2,-0.015501
2025-03-01,rate_shock,medium,defensive_rotation,us_short_term_bond,US Short-Term Bond,fixed_income,defensive,us,1,-0.005088
2025-03-01,rate_shock,medium,defensive_rotation,us_long_government_bond,US Long Government Bond,fixed_income,duration,us,3,-0.026555
2025-03-01,rate_shock,medium,defensive_rotation,high_yield_bond,High Yield Bond,fixed_income,spread,us,4,-0.003517
2025-03-01,rate_shock,medium,defensive_rotation,bank_loan,Bank Loan,fixed_income,floating_rate,us,3,0.001038
2025-03-01,rate_shock,medium,defensive_rotation,emerging_markets_bond,Emerging Markets Bond,fixed_income,spread,emerging_markets,4,-0.016574
2025-03-01,rate_shock,medium,defensive_rotation,multisector_bond,Multisector Bond,fixed_income,flexible,global,3,-0.00253
2025-03-01,rate_shock,medium,defensive_rotation,allocation_30_50,Moderate Allocation,allocation,balanced,global,3,0.006231
2025-03-01,rate_shock,medium,defensive_rotation,allocation_50_70,Aggressive Allocation,allocation,growth,global,4,0.00438
2025-03-01,rate_shock,medium,defensive_rotation,target_date,Target-Date Blend,allocation,outcome_oriented,global,3,0.002228
2025-03-01,rate_shock,medium,defensive_rotation,tactical_allocation,Tactical Allocation,allocation,flexible,global,4,0.006382
2025-03-01,rate_shock,medium,defensive_rotation,options_trading,Options Trading,alternatives,opportunistic,us,6,0.00525
2025-03-01,rate_shock,medium,defensive_rotation,market_neutral,Market Neutral,alternatives,absolute_return,global,2,-0.003624
2025-04-01,rate_shock,medium,defensive_rotation,us_large_blend,US Large Blend,equity,core,us,4,0.024555
2025-04-01,rate_shock,medium,defensive_rotation,us_large_growth,US Large Growth,equity,growth,us,5,0.000142
2025-04-01,rate_shock,medium,defensive_rotation,us_large_value,US Large Value,equity,value,us,4,0.029286
2025-04-01,rate_shock,medium,defensive_rotation,us_mid_cap,US Mid-Cap Blend,equity,core,us,5,0.014701
2025-04-01,rate_shock,medium,defensive_rotation,us_small_cap,US Small Cap,equity,core,us,6,0.006705
2025-04-01,rate_shock,medium,defensive_rotation,foreign_large_blend,Foreign Large Blend,equity,core,developed_ex_us,5,0.013642
2025-04-01,rate_shock,medium,defensive_rotation,diversified_emerging_markets,Diversified Emerging Markets,equity,core,emerging_markets,6,0.042404
2025-04-01,rate_shock,medium,defensive_rotation,global_real_estate,Global Real Estate,real_assets,income,global,5,0.05676
2025-04-01,rate_shock,medium,defensive_rotation,natural_resources,Natural Resources,real_assets,inflation_sensitive,global,6,0.042355
2025-04-01,rate_shock,medium,defensive_rotation,us_intermediate_core_bond,US Intermediate Core Bond,fixed_income,core,us,2,-0.005512
2025-04-01,rate_shock,medium,defensive_rotation,us_short_term_bond,US Short-Term Bond,fixed_income,defensive,us,1,0.00014
2025-04-01,rate_shock,medium,defensive_rotation,us_long_government_bond,US Long Government Bond,fixed_income,duration,us,3,-0.02368
2025-04-01,rate_shock,medium,defensive_rotation,high_yield_bond,High Yield Bond,fixed_income,spread,us,4,-0.002565
2025-04-01,rate_shock,medium,defensive_rotation,bank_loan,Bank Loan,fixed_income,floating_rate,us,3,0.003411
2025-04-01,rate_shock,medium,defensive_rotation,emerging_markets_bond,Emerging Markets Bond,fixed_income,spread,emerging_markets,4,-0.002178
2025-04-01,rate_shock,medium,defensive_rotation,multisector_bond,Multisector Bond,fixed_income,flexible,global,3,-0.010611
2025-04-01,rate_shock,medium,defensive_rotation,allocation_30_50,Moderate Allocation,allocation,balanced,global,3,-0.017376
2025-04-01,rate_shock,medium,defensive_rotation,allocation_50_70,Aggressive Allocation,allocation,growth,global,4,-0.024089
2025-04-01,rate_shock,medium,defensive_rotation,target_date,Target-Date Blend,allocation,outcome_oriented,global,3,-0.014165
2025-04-01,rate_shock,medium,defensive_rotation,tactical_allocation,Tactical Allocation,allocation,flexible,global,4,-0.008062
2025-04-01,rate_shock,medium,defensive_rotation,options_trading,Options Trading,alternatives,opportunistic,us,6,-0.018315
2025-04-01,rate_shock,medium,defensive_rotation,market_neutral,Market Neutral,alternatives,absolute_return,global,2,-0.001259
2025-05-01,rate_shock,medium,defensive_rotation,us_large_blend,US Large Blend,equity,core,us,4,0.026245
2025-05-01,rate_shock,medium,defensive_rotation,us_large_growth,US Large Growth,equity,growth,us,5,0.030816
2025-05-01,rate_shock,medium,defensive_rotation,us_large_value,US Large Value,equity,value,us,4,0.022148
2025-05-01,rate_shock,medium,defensive_rotation,us_mid_cap,US Mid-Cap Blend,equity,core,us,5,0.041007
2025-05-01,rate_shock,medium,defensive_rotation,us_small_cap,US Small Cap,equity,core,us,6,0.00492
2025-05-01,rate_shock,medium,defensive_rotation,foreign_large_blend,Foreign Large Blend,equity,core,developed_ex_us,5,0.023407
2025-05-01,rate_shock,medium,defensive_rotation,diversified_emerging_markets,Diversified Emerging Markets,equity,core,emerging_markets,6,0.068638
2025-05-01,rate_shock,medium,defensive_rotation,global_real_estate,Global Real Estate,real_assets,income,global,5,0.013611
2025-05-01,rate_shock,medium,defensive_rotation,natural_resources,Natural Resources,real_assets,inflation_sensitive,global,6,0.047188
2025-05-01,rate_shock,medium,defensive_rotation,us_intermediate_core_bond,US Intermediate Core Bond,fixed_income,core,us,2,-0.014799
2025-05-01,rate_shock,medium,defensive_rotation,us_short_term_bond,US Short-Term Bond,fixed_income,defensive,us,1,-0.011279
2025-05-01,rate_shock,medium,defensive_rotation,us_long_government_bond,US Long Government Bond,fixed_income,duration,us,3,-0.028184
2025-05-01,rate_shock,medium,defensive_rotation,high_yield_bond,High Yield Bond,fixed_income,spread,us,4,-0.014448
2025-05-01,rate_shock,medium,defensive_rotation,bank_loan,Bank Loan,fixed_income,floating_rate,us,3,-0.009731
2025-05-01,rate_shock,medium,defensive_rotation,emerging_markets_bond,Emerging Markets Bond,fixed_income,spread,emerging_markets,4,-0.010416
2025-05-01,rate_shock,medium,defensive_rotation,multisector_bond,Multisector Bond,fixed_income,flexible,global,3,-0.019634
2025-05-01,rate_shock,medium,defensive_rotation,allocation_30_50,Moderate Allocation,allocation,balanced,global,3,-0.000128
2025-05-01,rate_shock,medium,defensive_rotation,allocation_50_70,Aggressive Allocation,allocation,growth,global,4,0.001329
2025-05-01,rate_shock,medium,defensive_rotation,target_date,Target-Date Blend,allocation,outcome_oriented,global,3,-0.002856
2025-05-01,rate_shock,medium,defensive_rotation,tactical_allocation,Tactical Allocation,allocation,flexible,global,4,-0.006785
2025-05-01,rate_shock,medium,defensive_rotation,options_trading,Options Trading,alternatives,opportunistic,us,6,0.003915
2025-05-01,rate_shock,medium,defensive_rotation,market_neutral,Market Neutral,alternatives,absolute_return,global,2,-0.006265
2025-06-01,risk_on,low,pro_risk,us_large_blend,US Large Blend,equity,core,us,4,0.048046
2025-06-01,risk_on,low,pro_risk,us_large_growth,US Large Growth,equity,growth,us,5,0.050534
2025-06-01,risk_on,low,pro_risk,us_large_value,US Large Value,equity,value,us,4,0.026929
2025-06-01,risk_on,low,pro_risk,us_mid_cap,US Mid-Cap Blend,equity,core,us,5,0.014456
2025-06-01,risk_on,low,pro_risk,us_small_cap,US Small Cap,equity,core,us,6,0.001011
2025-06-01,risk_on,low,pro_risk,foreign_large_blend,Foreign Large Blend,equity,core,developed_ex_us,5,0.025586
2025-06-01,risk_on,low,pro_risk,diversified_emerging_markets,Diversified Emerging Markets,equity,core,emerging_markets,6,0.068785
2025-06-01,risk_on,low,pro_risk,global_real_estate,Global Real Estate,real_assets,income,global,5,0.015384
2025-06-01,risk_on,low,pro_risk,natural_resources,Natural Resources,real_assets,inflation_sensitive,global,6,0.009613
2025-06-01,risk_on,low,pro_risk,us_intermediate_core_bond,US Intermediate Core Bond,fixed_income,core,us,2,-0.000878
2025-06-01,risk_on,low,pro_risk,us_short_term_bond,US Short-Term Bond,fixed_income,defensive,us,1,-0.011554
2025-06-01,risk_on,low,pro_risk,us_long_government_bond,US Long Government Bond,fixed_income,duration,us,3,-0.003062
2025-06-01,risk_on,low,pro_risk,high_yield_bond,High Yield Bond,fixed_income,spread,us,4,0.002045
2025-06-01,risk_on,low,pro_risk,bank_loan,Bank Loan,fixed_income,floating_rate,us,3,-0.000175
2025-06-01,risk_on,low,pro_risk,emerging_markets_bond,Emerging Markets Bond,fixed_income,spread,emerging_markets,4,0.003094
2025-06-01,risk_on,low,pro_risk,multisector_bond,Multisector Bond,fixed_income,flexible,global,3,-0.000866
2025-06-01,risk_on,low,pro_risk,allocation_30_50,Moderate Allocation,allocation,balanced,global,3,-0.000432
2025-06-01,risk_on,low,pro_risk,allocation_50_70,Aggressive Allocation,allocation,growth,global,4,-0.002159
2025-06-01,risk_on,low,pro_risk,target_date,Target-Date Blend,allocation,outcome_oriented,global,3,0.000468
2025-06-01,risk_on,low,pro_risk,tactical_allocation,Tactical Allocation,allocation,flexible,global,4,0.006367
2025-06-01,risk_on,low,pro_risk,options_trading,Options Trading,alternatives,opportunistic,us,6,-0.006981
2025-06-01,risk_on,low,pro_risk,market_neutral,Market Neutral,alternatives,absolute_return,global,2,-0.013133
2025-07-01,choppy_sideways,medium,neutral,us_large_blend,US Large Blend,equity,core,us,4,0.031603
2025-07-01,choppy_sideways,medium,neutral,us_large_growth,US Large Growth,equity,growth,us,5,0.035669
2025-07-01,choppy_sideways,medium,neutral,us_large_value,US Large Value,equity,value,us,4,0.056225
2025-07-01,choppy_sideways,medium,neutral,us_mid_cap,US Mid-Cap Blend,equity,core,us,5,0.024143
2025-07-01,choppy_sideways,medium,neutral,us_small_cap,US Small Cap,equity,core,us,6,0.014504
2025-07-01,choppy_sideways,medium,neutral,foreign_large_blend,Foreign Large Blend,equity,core,developed_ex_us,5,0.02224
2025-07-01,choppy_sideways,medium,neutral,diversified_emerging_markets,Diversified Emerging Markets,equity,core,emerging_markets,6,0.03856
2025-07-01,choppy_sideways,medium,neutral,global_real_estate,Global Real Estate,real_assets,income,global,5,0.005345
2025-07-01,choppy_sideways,medium,neutral,natural_resources,Natural Resources,real_assets,inflation_sensitive,global,6,0.041422
2025-07-01,choppy_sideways,medium,neutral,us_intermediate_core_bond,US Intermediate Core Bond,fixed_income,core,us,2,-0.001757
2025-07-01,choppy_sideways,medium,neutral,us_short_term_bond,US Short-Term Bond,fixed_income,defensive,us,1,0.006974
2025-07-01,choppy_sideways,medium,neutral,us_long_government_bond,US Long Government Bond,fixed_income,duration,us,3,-0.009879
2025-07-01,choppy_sideways,medium,neutral,high_yield_bond,High Yield Bond,fixed_income,spread,us,4,-0.001676
2025-07-01,choppy_sideways,medium,neutral,bank_loan,Bank Loan,fixed_income,floating_rate,us,3,-0.005915
2025-07-01,choppy_sideways,medium,neutral,emerging_markets_bond,Emerging Markets Bond,fixed_income,spread,emerging_markets,4,-0.001409
2025-07-01,choppy_sideways,medium,neutral,multisector_bond,Multisector Bond,fixed_income,flexible,global,3,0.002916
2025-07-01,choppy_sideways,medium,neutral,allocation_30_50,Moderate Allocation,allocation,balanced,global,3,-0.00329
2025-07-01,choppy_sideways,medium,neutral,allocation_50_70,Aggressive Allocation,allocation,growth,global,4,-0.002327
2025-07-01,choppy_sideways,medium,neutral,target_date,Target-Date Blend,allocation,outcome_oriented,global,3,-0.003136
2025-07-01,choppy_sideways,medium,neutral,tactical_allocation,Tactical Allocation,allocation,flexible,global,4,0.002216
2025-07-01,choppy_sideways,medium,neutral,options_trading,Options Trading,alternatives,opportunistic,us,6,0.00922
2025-07-01,choppy_sideways,medium,neutral,market_neutral,Market Neutral,alternatives,absolute_return,global,2,0.026125
2025-08-01,choppy_sideways,medium,neutral,us_large_blend,US Large Blend,equity,core,us,4,0.015597
2025-08-01,choppy_sideways,medium,neutral,us_large_growth,US Large Growth,equity,growth,us,5,0.013896
2025-08-01,choppy_sideways,medium,neutral,us_large_value,US Large Value,equity,value,us,4,0.007811
2025-08-01,choppy_sideways,medium,neutral,us_mid_cap,US Mid-Cap Blend,equity,core,us,5,0.00067
2025-08-01,choppy_sideways,medium,neutral,us_small_cap,US Small Cap,equity,core,us,6,-0.003256
2025-08-01,choppy_sideways,medium,neutral,foreign_large_blend,Foreign Large Blend,equity,core,developed_ex_us,5,0.00249
2025-08-01,choppy_sideways,medium,neutral,diversified_emerging_markets,Diversified Emerging Markets,equity,core,emerging_markets,6,0.017087
2025-08-01,choppy_sideways,medium,neutral,global_real_estate,Global Real Estate,real_assets,income,global,5,0.018745
2025-08-01,choppy_sideways,medium,neutral,natural_resources,Natural Resources,real_assets,inflation_sensitive,global,6,0.018056
2025-08-01,choppy_sideways,medium,neutral,us_intermediate_core_bond,US Intermediate Core Bond,fixed_income,core,us,2,0.001277
2025-08-01,choppy_sideways,medium,neutral,us_short_term_bond,US Short-Term Bond,fixed_income,defensive,us,1,0.009966
2025-08-01,choppy_sideways,medium,neutral,us_long_government_bond,US Long Government Bond,fixed_income,duration,us,3,0.01191
2025-08-01,choppy_sideways,medium,neutral,high_yield_bond,High Yield Bond,fixed_income,spread,us,4,0.006251
2025-08-01,choppy_sideways,medium,neutral,bank_loan,Bank Loan,fixed_income,floating_rate,us,3,0.004113
2025-08-01,choppy_sideways,medium,neutral,emerging_markets_bond,Emerging Markets Bond,fixed_income,spread,emerging_markets,4,0.010914
2025-08-01,choppy_sideways,medium,neutral,multisector_bond,Multisector Bond,fixed_income,flexible,global,3,0.006822
2025-08-01,choppy_sideways,medium,neutral,allocation_30_50,Moderate Allocation,allocation,balanced,global,3,-0.005669
2025-08-01,choppy_sideways,medium,neutral,allocation_50_70,Aggressive Allocation,allocation,growth,global,4,0.006564
2025-08-01,choppy_sideways,medium,neutral,target_date,Target-Date Blend,allocation,outcome_oriented,global,3,0.0075
2025-08-01,choppy_sideways,medium,neutral,tactical_allocation,Tactical Allocation,allocation,flexible,global,4,0.00069
2025-08-01,choppy_sideways,medium,neutral,options_trading,Options Trading,alternatives,opportunistic,us,6,0.028615
2025-08-01,choppy_sideways,medium,neutral,market_neutral,Market Neutral,alternatives,absolute_return,global,2,0.014291
2025-09-01,choppy_sideways,medium,neutral,us_large_blend,US Large Blend,equity,core,us,4,0.011657
2025-09-01,choppy_sideways,medium,neutral,us_large_growth,US Large Growth,equity,growth,us,5,0.026674
2025-09-01,choppy_sideways,medium,neutral,us_large_value,US Large Value,equity,value,us,4,0.015456
2025-09-01,choppy_sideways,medium,neutral,us_mid_cap,US Mid-Cap Blend,equity,core,us,5,0.041477
2025-09-01,choppy_sideways,medium,neutral,us_small_cap,US Small Cap,equity,core,us,6,0.064109
2025-09-01,choppy_sideways,medium,neutral,foreign_large_blend,Foreign Large Blend,equity,core,developed_ex_us,5,0.010399
2025-09-01,choppy_sideways,medium,neutral,diversified_emerging_markets,Diversified Emerging Markets,equity,core,emerging_markets,6,0.016688
2025-09-01,choppy_sideways,medium,neutral,global_real_estate,Global Real Estate,real_assets,income,global,5,0.003298
2025-09-01,choppy_sideways,medium,neutral,natural_resources,Natural Resources,real_assets,inflation_sensitive,global,6,0.027915
2025-09-01,choppy_sideways,medium,neutral,us_intermediate_core_bond,US Intermediate Core Bond,fixed_income,core,us,2,0.004893
2025-09-01,choppy_sideways,medium,neutral,us_short_term_bond,US Short-Term Bond,fixed_income,defensive,us,1,0.012731
2025-09-01,choppy_sideways,medium,neutral,us_long_government_bond,US Long Government Bond,fixed_income,duration,us,3,0.024015
2025-09-01,choppy_sideways,medium,neutral,high_yield_bond,High Yield Bond,fixed_income,spread,us,4,0.003524
2025-09-01,choppy_sideways,medium,neutral,bank_loan,Bank Loan,fixed_income,floating_rate,us,3,0.006642
2025-09-01,choppy_sideways,medium,neutral,emerging_markets_bond,Emerging Markets Bond,fixed_income,spread,emerging_markets,4,0.011245
2025-09-01,choppy_sideways,medium,neutral,multisector_bond,Multisector Bond,fixed_income,flexible,global,3,0.008901
2025-09-01,choppy_sideways,medium,neutral,allocation_30_50,Moderate Allocation,allocation,balanced,global,3,0.012262
2025-09-01,choppy_sideways,medium,neutral,allocation_50_70,Aggressive Allocation,allocation,growth,global,4,0.00959
2025-09-01,choppy_sideways,medium,neutral,target_date,Target-Date Blend,allocation,outcome_oriented,global,3,-0.007663
2025-09-01,choppy_sideways,medium,neutral,tactical_allocation,Tactical Allocation,allocation,flexible,global,4,0.012654
2025-09-01,choppy_sideways,medium,neutral,options_trading,Options Trading,alternatives,opportunistic,us,6,-0.031547
2025-09-01,choppy_sideways,medium,neutral,market_neutral,Market Neutral,alternatives,absolute_return,global,2,-0.014245
2025-10-01,rate_shock,medium,defensive_rotation,us_large_blend,US Large Blend,equity,core,us,4,-0.035022
2025-10-01,rate_shock,medium,defensive_rotation,us_large_growth,US Large Growth,equity,growth,us,5,-0.002884
2025-10-01,rate_shock,medium,defensive_rotation,us_large_value,US Large Value,equity,value,us,4,-0.020969
2025-10-01,rate_shock,medium,defensive_rotation,us_mid_cap,US Mid-Cap Blend,equity,core,us,5,-0.00478
2025-10-01,rate_shock,medium,defensive_rotation,us_small_cap,US Small Cap,equity,core,us,6,-0.032233
2025-10-01,rate_shock,medium,defensive_rotation,foreign_large_blend,Foreign Large Blend,equity,core,developed_ex_us,5,-0.001867
2025-10-01,rate_shock,medium,defensive_rotation,diversified_emerging_markets,Diversified Emerging Markets,equity,core,emerging_markets,6,-0.0213
2025-10-01,rate_shock,medium,defensive_rotation,global_real_estate,Global Real Estate,real_assets,income,global,5,-0.004735
2025-10-01,rate_shock,medium,defensive_rotation,natural_resources,Natural Resources,real_assets,inflation_sensitive,global,6,0.039868
2025-10-01,rate_shock,medium,defensive_rotation,us_intermediate_core_bond,US Intermediate Core Bond,fixed_income,core,us,2,-0.011281
2025-10-01,rate_shock,medium,defensive_rotation,us_short_term_bond,US Short-Term Bond,fixed_income,defensive,us,1,-0.014581
2025-10-01,rate_shock,medium,defensive_rotation,us_long_government_bond,US Long Government Bond,fixed_income,duration,us,3,-0.01702
2025-10-01,rate_shock,medium,defensive_rotation,high_yield_bond,High Yield Bond,fixed_income,spread,us,4,-0.013318
2025-10-01,rate_shock,medium,defensive_rotation,bank_loan,Bank Loan,fixed_income,floating_rate,us,3,-0.002467
2025-10-01,rate_shock,medium,defensive_rotation,emerging_markets_bond,Emerging Markets Bond,fixed_income,spread,emerging_markets,4,-0.008645
2025-10-01,rate_shock,medium,defensive_rotation,multisector_bond,Multisector Bond,fixed_income,flexible,global,3,-0.015617
2025-10-01,rate_shock,medium,defensive_rotation,allocation_30_50,Moderate Allocation,allocation,balanced,global,3,0.010277
2025-10-01,rate_shock,medium,defensive_rotation,allocation_50_70,Aggressive Allocation,allocation,growth,global,4,0.000144
2025-10-01,rate_shock,medium,defensive_rotation,target_date,Target-Date Blend,allocation,outcome_oriented,global,3,0.003055
2025-10-01,rate_shock,medium,defensive_rotation,tactical_allocation,Tactical Allocation,allocation,flexible,global,4,0.018448
2025-10-01,rate_shock,medium,defensive_rotation,options_trading,Options Trading,alternatives,opportunistic,us,6,-0.002874
2025-10-01,rate_shock,medium,defensive_rotation,market_neutral,Market Neutral,alternatives,absolute_return,global,2,-0.015603
2025-11-01,choppy_sideways,medium,neutral,us_large_blend,US Large Blend,equity,core,us,4,0.029332
2025-11-01,choppy_sideways,medium,neutral,us_large_growth,US Large Growth,equity,growth,us,5,0.032599
2025-11-01,choppy_sideways,medium,neutral,us_large_value,US Large Value,equity,value,us,4,0.019064
2025-11-01,choppy_sideways,medium,neutral,us_mid_cap,US Mid-Cap Blend,equity,core,us,5,0.043541
2025-11-01,choppy_sideways,medium,neutral,us_small_cap,US Small Cap,equity,core,us,6,0.043456
2025-11-01,choppy_sideways,medium,neutral,foreign_large_blend,Foreign Large Blend,equity,core,developed_ex_us,5,0.009505
2025-11-01,choppy_sideways,medium,neutral,diversified_emerging_markets,Diversified Emerging Markets,equity,core,emerging_markets,6,0.04691
2025-11-01,choppy_sideways,medium,neutral,global_real_estate,Global Real Estate,real_assets,income,global,5,0.026324
2025-11-01,choppy_sideways,medium,neutral,natural_resources,Natural Resources,real_assets,inflation_sensitive,global,6,0.002343
2025-11-01,choppy_sideways,medium,neutral,us_intermediate_core_bond,US Intermediate Core Bond,fixed_income,core,us,2,0.018023
2025-11-01,choppy_sideways,medium,neutral,us_short_term_bond,US Short-Term Bond,fixed_income,defensive,us,1,0.019182
2025-11-01,choppy_sideways,medium,neutral,us_long_government_bond,US Long Government Bond,fixed_income,duration,us,3,0.025683
2025-11-01,choppy_sideways,medium,neutral,high_yield_bond,High Yield Bond,fixed_income,spread,us,4,0.011482
2025-11-01,choppy_sideways,medium,neutral,bank_loan,Bank Loan,fixed_income,floating_rate,us,3,0.023159
2025-11-01,choppy_sideways,medium,neutral,emerging_markets_bond,Emerging Markets Bond,fixed_income,spread,emerging_markets,4,0.019862
2025-11-01,choppy_sideways,medium,neutral,multisector_bond,Multisector Bond,fixed_income,flexible,global,3,0.030586
2025-11-01,choppy_sideways,medium,neutral,allocation_30_50,Moderate Allocation,allocation,balanced,global,3,-0.018915
2025-11-01,choppy_sideways,medium,neutral,allocation_50_70,Aggressive Allocation,allocation,growth,global,4,-0.002457
2025-11-01,choppy_sideways,medium,neutral,target_date,Target-Date Blend,allocation,outcome_oriented,global,3,-0.026073
2025-11-01,choppy_sideways,medium,neutral,tactical_allocation,Tactical Allocation,allocation,flexible,global,4,-0.010344
2025-11-01,choppy_sideways,medium,neutral,options_trading,Options Trading,alternatives,opportunistic,us,6,0.001692
2025-11-01,choppy_sideways,medium,neutral,market_neutral,Market Neutral,alternatives,absolute_return,global,2,-0.008923
2025-12-01,choppy_sideways,medium,neutral,us_large_blend,US Large Blend,equity,core,us,4,-0.007893
2025-12-01,choppy_sideways,medium,neutral,us_large_growth,US Large Growth,equity,growth,us,5,0.00242
2025-12-01,choppy_sideways,medium,neutral,us_large_value,US Large Value,equity,value,us,4,0.007277
2025-12-01,choppy_sideways,medium,neutral,us_mid_cap,US Mid-Cap Blend,equity,core,us,5,-0.021124
2025-12-01,choppy_sideways,medium,neutral,us_small_cap,US Small Cap,equity,core,us,6,-0.020437
2025-12-01,choppy_sideways,medium,neutral,foreign_large_blend,Foreign Large Blend,equity,core,developed_ex_us,5,0.013751
2025-12-01,choppy_sideways,medium,neutral,diversified_emerging_markets,Diversified Emerging Markets,equity,core,emerging_markets,6,-0.001461
2025-12-01,choppy_sideways,medium,neutral,global_real_estate,Global Real Estate,real_assets,income,global,5,-0.040456
2025-12-01,choppy_sideways,medium,neutral,natural_resources,Natural Resources,real_assets,inflation_sensitive,global,6,0.012491
2025-12-01,choppy_sideways,medium,neutral,us_intermediate_core_bond,US Intermediate Core Bond,fixed_income,core,us,2,0.011022
2025-12-01,choppy_sideways,medium,neutral,us_short_term_bond,US Short-Term Bond,fixed_income,defensive,us,1,0.006055
2025-12-01,choppy_sideways,medium,neutral,us_long_government_bond,US Long Government Bond,fixed_income,duration,us,3,0.004619
2025-12-01,choppy_sideways,medium,neutral,high_yield_bond,High Yield Bond,fixed_income,spread,us,4,0.016328
2025-12-01,choppy_sideways,medium,neutral,bank_loan,Bank Loan,fixed_income,floating_rate,us,3,0.01395
2025-12-01,choppy_sideways,medium,neutral,emerging_markets_bond,Emerging Markets Bond,fixed_income,spread,emerging_markets,4,0.025923
2025-12-01,choppy_sideways,medium,neutral,multisector_bond,Multisector Bond,fixed_income,flexible,global,3,0.012346
2025-12-01,choppy_sideways,medium,neutral,allocation_30_50,Moderate Allocation,allocation,balanced,global,3,-0.012691
2025-12-01,choppy_sideways,medium,neutral,allocation_50_70,Aggressive Allocation,allocation,growth,global,4,-0.015394
2025-12-01,choppy_sideways,medium,neutral,target_date,Target-Date Blend,allocation,outcome_oriented,global,3,-0.009388
2025-12-01,choppy_sideways,medium,neutral,tactical_allocation,Tactical Allocation,allocation,flexible,global,4,-0.008141
2025-12-01,choppy_sideways,medium,neutral,options_trading,Options Trading,alternatives,opportunistic,us,6,0.014411
2025-12-01,choppy_sideways,medium,neutral,market_neutral,Market Neutral,alternatives,absolute_return,global,2,-0.002955
